,Name,Path,Class
16,Актау,HKR_dataset/img/10_7_410.jpg,1
57,Актау,HKR_dataset/img/10_7_228.jpg,1
163,Актау,HKR_dataset/img/11_40_54.jpg,1
876,Актау,HKR_dataset/img/13_22_193.jpg,1
991,Актау,HKR_dataset/img/11_40_52.jpg,1
1437,Актау,HKR_dataset/img/10_7_211.jpg,1
1556,Актау,HKR_dataset/img/10_7_131.jpg,1
1741,Актау,HKR_dataset/img/10_7_104.jpg,1
1928,Актау,HKR_dataset/img/13_22_197.jpg,1
1966,Актау,HKR_dataset/img/13_22_170.jpg,1
1972,Актау,HKR_dataset/img/10_7_113.jpg,1
2013,Актау,HKR_dataset/img/10_7_18.jpg,1
2251,Актау,HKR_dataset/img/10_7_138.jpg,1
2323,Актау,HKR_dataset/img/10_7_49.jpg,1
2550,Актау,HKR_dataset/img/10_7_257.jpg,1
2671,Актау,HKR_dataset/img/10_7_204.jpg,1
2674,Актау,HKR_dataset/img/11_40_2.jpg,1
2701,Актау,HKR_dataset/img/10_7_174.jpg,1
2811,Актау,HKR_dataset/img/10_7_384.jpg,1
3207,Актау,HKR_dataset/img/13_22_198.jpg,1
3243,Актау,HKR_dataset/img/10_7_220.jpg,1
3297,Актау,HKR_dataset/img/10_7_63.jpg,1
3393,Актау,HKR_dataset/img/10_7_65.jpg,1
3396,Актау,HKR_dataset/img/10_7_224_.jpg,1
3437,Актау,HKR_dataset/img/10_7_253.jpg,1
3524,Актау,HKR_dataset/img/13_22_201_.jpg,1
3709,Актау,HKR_dataset/img/10_7_97.jpg,1
3821,Актау,HKR_dataset/img/10_7_340.jpg,1
3859,Актау,HKR_dataset/img/10_7_5.jpg,1
4162,Актау,HKR_dataset/img/10_7_346.jpg,1
4321,Актау,HKR_dataset/img/10_7_91.jpg,1
4442,Актау,HKR_dataset/img/13_22_192_.jpg,1
4632,Актау,HKR_dataset/img/10_7_231.jpg,1
4755,Актау,HKR_dataset/img/10_7_429.jpg,1
4854,Актау,HKR_dataset/img/10_7_10.jpg,1
4949,Актау,HKR_dataset/img/10_7_139.jpg,1
5104,Актау,HKR_dataset/img/10_7_51.jpg,1
5452,Актау,HKR_dataset/img/13_22_148.jpg,1
5580,Актау,HKR_dataset/img/10_7_76.jpg,1
6103,Актау,HKR_dataset/img/10_7_321.jpg,1
6242,Актау,HKR_dataset/img/10_7_453.jpg,1
6599,Актау,HKR_dataset/img/10_7_265.jpg,1
6727,Актау,HKR_dataset/img/11_40_55.jpg,1
6759,Актау,HKR_dataset/img/10_7_426.jpg,1
6865,Актау,HKR_dataset/img/10_7_281.jpg,1
6893,Актау,HKR_dataset/img/10_7_398.jpg,1
6938,Актау,HKR_dataset/img/10_7_249.jpg,1
7364,Актау,HKR_dataset/img/13_22_173.jpg,1
7496,Актау,HKR_dataset/img/10_7_112.jpg,1
7695,Актау,HKR_dataset/img/10_7_178.jpg,1
7738,Актау,HKR_dataset/img/10_7_345.jpg,1
7807,Актау,HKR_dataset/img/10_7_95.jpg,1
8094,Актау,HKR_dataset/img/10_7_367.jpg,1
8099,Актау,HKR_dataset/img/13_22_147.jpg,1
8158,Актау,HKR_dataset/img/10_7_152.jpg,1
8388,Актау,HKR_dataset/img/10_7_235.jpg,1
8550,Актау,HKR_dataset/img/10_7_192.jpg,1
8973,Актау,HKR_dataset/img/10_7_89.jpg,1
9071,Актау,HKR_dataset/img/10_7_31.jpg,1
9650,Актау,HKR_dataset/img/11_40_44.jpg,1
9739,Актау,HKR_dataset/img/10_7_392.jpg,1
9816,Актау,HKR_dataset/img/10_7_69.jpg,1
9893,Актау,HKR_dataset/img/10_7_2.jpg,1
9926,Актау,HKR_dataset/img/10_7_403.jpg,1
9945,Актау,HKR_dataset/img/10_7_438.jpg,1
9947,Актау,HKR_dataset/img/10_7_240.jpg,1
10089,Актау,HKR_dataset/img/10_7_121.jpg,1
10158,Актау,HKR_dataset/img/10_7_382.jpg,1
10200,Актау,HKR_dataset/img/10_7_165.jpg,1
10499,Актау,HKR_dataset/img/10_7_64.jpg,1
10594,Актау,HKR_dataset/img/13_22_153.jpg,1
10798,Актау,HKR_dataset/img/13_22_201.jpg,1
10892,Актау,HKR_dataset/img/10_7_155.jpg,1
11148,Актау,HKR_dataset/img/13_22_158.jpg,1
11256,Актау,HKR_dataset/img/13_22_163.jpg,1
11310,Актау,HKR_dataset/img/10_7_169.jpg,1
11397,Актау,HKR_dataset/img/10_7_156.jpg,1
11459,Актау,HKR_dataset/img/13_22_150.jpg,1
11532,Актау,HKR_dataset/img/11_40_58.jpg,1
11574,Актау,HKR_dataset/img/10_7_37.jpg,1
11577,Актау,HKR_dataset/img/10_7_405.jpg,1
11674,Актау,HKR_dataset/img/13_22_162.jpg,1
11759,Актау,HKR_dataset/img/10_7_52.jpg,1
11784,Актау,HKR_dataset/img/10_7_22.jpg,1
11874,Актау,HKR_dataset/img/13_22_182.jpg,1
12041,Актау,HKR_dataset/img/10_7_39.jpg,1
12291,Актау,HKR_dataset/img/10_7_153.jpg,1
12332,Актау,HKR_dataset/img/13_22_183.jpg,1
12488,Актау,HKR_dataset/img/10_7_117.jpg,1
12544,Актау,HKR_dataset/img/10_7_247.jpg,1
12563,Актау,HKR_dataset/img/13_22_190.jpg,1
12625,Актау,HKR_dataset/img/10_7_255.jpg,1
12719,Актау,HKR_dataset/img/13_22_188.jpg,1
13105,Актау,HKR_dataset/img/10_7_238.jpg,1
13409,Актау,HKR_dataset/img/10_7_425.jpg,1
13543,Актау,HKR_dataset/img/10_7_418.jpg,1
13632,Актау,HKR_dataset/img/10_7_401.jpg,1
13664,Актау,HKR_dataset/img/10_7_106.jpg,1
13740,Актау,HKR_dataset/img/10_7_107.jpg,1
13752,Актау,HKR_dataset/img/10_7_370.jpg,1
14037,Актау,HKR_dataset/img/10_7_408.jpg,1
14221,Актау,HKR_dataset/img/10_7_176.jpg,1
14429,Актау,HKR_dataset/img/10_7_303.jpg,1
14694,Актау,HKR_dataset/img/10_7_115.jpg,1
14786,Актау,HKR_dataset/img/11_40_68.jpg,1
14863,Актау,HKR_dataset/img/10_7_298.jpg,1
14886,Актау,HKR_dataset/img/10_7_376.jpg,1
14923,Актау,HKR_dataset/img/10_7_167.jpg,1
14928,Актау,HKR_dataset/img/10_7_246.jpg,1
15019,Актау,HKR_dataset/img/10_7_74.jpg,1
15319,Актау,HKR_dataset/img/11_40_20.jpg,1
15470,Актау,HKR_dataset/img/10_7_56.jpg,1
15631,Актау,HKR_dataset/img/10_7_206.jpg,1
15970,Актау,HKR_dataset/img/10_7_144.jpg,1
16278,Актау,HKR_dataset/img/10_7_57.jpg,1
16299,Актау,HKR_dataset/img/13_22_184.jpg,1
16377,Актау,HKR_dataset/img/10_7_201.jpg,1
16406,Актау,HKR_dataset/img/13_22_200.jpg,1
16514,Актау,HKR_dataset/img/10_7_375.jpg,1
16660,Актау,HKR_dataset/img/10_7_343.jpg,1
16662,Актау,HKR_dataset/img/11_40_67.jpg,1
16717,Актау,HKR_dataset/img/10_7_8.jpg,1
16839,Актау,HKR_dataset/img/10_7_114.jpg,1
16992,Актау,HKR_dataset/img/10_7_435.jpg,1
17064,Актау,HKR_dataset/img/10_7_200.jpg,1
17087,Актау,HKR_dataset/img/10_7_41.jpg,1
17140,Актау,HKR_dataset/img/13_22_176.jpg,1
17190,Актау,HKR_dataset/img/10_7_439.jpg,1
17197,Актау,HKR_dataset/img/10_7_116.jpg,1
17300,Актау,HKR_dataset/img/10_7_0.jpg,1
17574,Актау,HKR_dataset/img/10_7_105.jpg,1
17601,Актау,HKR_dataset/img/10_7_177.jpg,1
17664,Актау,HKR_dataset/img/10_7_60.jpg,1
17802,Актау,HKR_dataset/img/10_7_300.jpg,1
17820,Актау,HKR_dataset/img/11_40_13.jpg,1
17849,Актау,HKR_dataset/img/13_22_157.jpg,1
18164,Актау,HKR_dataset/img/10_7_422.jpg,1
18462,Актау,HKR_dataset/img/10_7_234.jpg,1
18632,Актау,HKR_dataset/img/10_7_460.jpg,1
18653,Актау,HKR_dataset/img/11_40_48.jpg,1
18689,Актау,HKR_dataset/img/11_40_65.jpg,1
19151,Актау,HKR_dataset/img/11_40_57.jpg,1
19172,Актау,HKR_dataset/img/10_7_202.jpg,1
19212,Актау,HKR_dataset/img/11_40_56.jpg,1
19489,Актау,HKR_dataset/img/10_7_450.jpg,1
19495,Актау,HKR_dataset/img/13_22_169.jpg,1
19616,Актау,HKR_dataset/img/10_7_3.jpg,1
19821,Актау,HKR_dataset/img/10_7_72.jpg,1
19927,Актау,HKR_dataset/img/11_40_0.jpg,1
19936,Актау,HKR_dataset/img/10_7_391.jpg,1
20044,Актау,HKR_dataset/img/11_40_23.jpg,1
20174,Актау,HKR_dataset/img/10_7_32.jpg,1
20204,Актау,HKR_dataset/img/10_7_172.jpg,1
20529,Актау,HKR_dataset/img/10_7_203.jpg,1
20562,Актау,HKR_dataset/img/11_40_16.jpg,1
20749,Актау,HKR_dataset/img/11_40_29.jpg,1
20867,Актау,HKR_dataset/img/11_40_50_.jpg,1
20964,Актау,HKR_dataset/img/10_7_34.jpg,1
21163,Актау,HKR_dataset/img/10_7_379.jpg,1
21564,Актау,HKR_dataset/img/10_7_407.jpg,1
21614,Актау,HKR_dataset/img/10_7_357.jpg,1
21722,Актау,HKR_dataset/img/10_7_221.jpg,1
21723,Актау,HKR_dataset/img/10_7_348.jpg,1
21891,Актау,HKR_dataset/img/10_7_33.jpg,1
21948,Актау,HKR_dataset/img/10_7_166.jpg,1
21996,Актау,HKR_dataset/img/11_40_60_.jpg,1
22049,Актау,HKR_dataset/img/10_7_292.jpg,1
22146,Актау,HKR_dataset/img/13_22_164.jpg,1
22176,Актау,HKR_dataset/img/10_7_154.jpg,1
22299,Актау,HKR_dataset/img/10_7_286.jpg,1
22625,Актау,HKR_dataset/img/10_7_353.jpg,1
22736,Актау,HKR_dataset/img/10_7_409.jpg,1
22838,Актау,HKR_dataset/img/10_7_363_.jpg,1
22960,Актау,HKR_dataset/img/11_40_63_.jpg,1
23125,Актау,HKR_dataset/img/11_40_69.jpg,1
23279,Актау,HKR_dataset/img/10_7_417.jpg,1
23526,Актау,HKR_dataset/img/11_40_19.jpg,1
23848,Актау,HKR_dataset/img/10_7_48_.jpg,1
23874,Актау,HKR_dataset/img/10_7_137.jpg,1
24014,Актау,HKR_dataset/img/10_7_70.jpg,1
24681,Актау,HKR_dataset/img/11_40_62.jpg,1
24704,Актау,HKR_dataset/img/11_40_64.jpg,1
24845,Актау,HKR_dataset/img/10_7_218.jpg,1
24951,Актау,HKR_dataset/img/10_7_21.jpg,1
25172,Актау,HKR_dataset/img/10_7_77.jpg,1
25693,Актау,HKR_dataset/img/10_7_108.jpg,1
25748,Актау,HKR_dataset/img/10_7_260.jpg,1
25768,Актау,HKR_dataset/img/10_7_413.jpg,1
25850,Актау,HKR_dataset/img/11_40_61.jpg,1
26299,Актау,HKR_dataset/img/11_40_3.jpg,1
26535,Актау,HKR_dataset/img/11_40_40.jpg,1
26536,Актау,HKR_dataset/img/10_7_284.jpg,1
26591,Актау,HKR_dataset/img/13_22_174.jpg,1
26651,Актау,HKR_dataset/img/10_7_123.jpg,1
26921,Актау,HKR_dataset/img/13_22_167.jpg,1
26946,Актау,HKR_dataset/img/11_40_45.jpg,1
27097,Актау,HKR_dataset/img/10_7_289.jpg,1
27238,Актау,HKR_dataset/img/10_7_388.jpg,1
27247,Актау,HKR_dataset/img/10_7_341.jpg,1
27313,Актау,HKR_dataset/img/11_40_14.jpg,1
27420,Актау,HKR_dataset/img/13_22_181.jpg,1
27468,Актау,HKR_dataset/img/10_7_428.jpg,1
27571,Актау,HKR_dataset/img/10_7_389.jpg,1
27695,Актау,HKR_dataset/img/10_7_133.jpg,1
27703,Актау,HKR_dataset/img/10_7_214.jpg,1
27739,Актау,HKR_dataset/img/10_7_431.jpg,1
27742,Актау,HKR_dataset/img/13_22_155.jpg,1
27769,Актау,HKR_dataset/img/10_7_125.jpg,1
27788,Актау,HKR_dataset/img/10_7_98.jpg,1
27894,Актау,HKR_dataset/img/10_7_266.jpg,1
27986,Актау,HKR_dataset/img/10_7_427.jpg,1
28110,Актау,HKR_dataset/img/10_7_142.jpg,1
28161,Актау,HKR_dataset/img/10_7_151.jpg,1
28223,Актау,HKR_dataset/img/10_7_233.jpg,1
28322,Актау,HKR_dataset/img/10_7_212.jpg,1
28466,Актау,HKR_dataset/img/10_7_164.jpg,1
28699,Актау,HKR_dataset/img/11_40_5.jpg,1
28714,Актау,HKR_dataset/img/10_7_47.jpg,1
28778,Актау,HKR_dataset/img/10_7_191.jpg,1
29179,Актау,HKR_dataset/img/10_7_86.jpg,1
29284,Актау,HKR_dataset/img/10_7_132.jpg,1
29332,Актау,HKR_dataset/img/10_7_355.jpg,1
29400,Актау,HKR_dataset/img/10_7_101.jpg,1
29600,Актау,HKR_dataset/img/10_7_458.jpg,1
29792,Актау,HKR_dataset/img/10_7_24.jpg,1
29954,Актау,HKR_dataset/img/10_7_163.jpg,1
29962,Актау,HKR_dataset/img/10_7_252.jpg,1
30119,Актау,HKR_dataset/img/10_7_120.jpg,1
30292,Актау,HKR_dataset/img/10_7_140.jpg,1
30311,Актау,HKR_dataset/img/10_7_421.jpg,1
30412,Актау,HKR_dataset/img/13_22_203.jpg,1
30458,Актау,HKR_dataset/img/10_7_361.jpg,1
30459,Актау,HKR_dataset/img/10_7_232.jpg,1
30469,Актау,HKR_dataset/img/11_40_30_.jpg,1
30566,Актау,HKR_dataset/img/10_7_187.jpg,1
30813,Актау,HKR_dataset/img/13_22_171.jpg,1
30988,Актау,HKR_dataset/img/13_22_194.jpg,1
31194,Актау,HKR_dataset/img/10_7_400.jpg,1
31250,Актау,HKR_dataset/img/10_7_82.jpg,1
31370,Актау,HKR_dataset/img/10_7_470.jpg,1
31380,Актау,HKR_dataset/img/10_7_242.jpg,1
31605,Актау,HKR_dataset/img/10_7_1.jpg,1
31629,Актау,HKR_dataset/img/10_7_471.jpg,1
31933,Актау,HKR_dataset/img/10_7_168.jpg,1
31978,Актау,HKR_dataset/img/10_7_134.jpg,1
31985,Актау,HKR_dataset/img/10_7_248.jpg,1
32377,Актау,HKR_dataset/img/10_7_15.jpg,1
32387,Актау,HKR_dataset/img/10_7_68.jpg,1
32759,Актау,HKR_dataset/img/10_7_14.jpg,1
32795,Актау,HKR_dataset/img/10_7_27.jpg,1
32889,Актау,HKR_dataset/img/10_7_404.jpg,1
33209,Актау,HKR_dataset/img/10_7_4.jpg,1
33489,Актау,HKR_dataset/img/10_7_243.jpg,1
33642,Актау,HKR_dataset/img/10_7_316.jpg,1
33716,Актау,HKR_dataset/img/11_40_7.jpg,1
33823,Актау,HKR_dataset/img/10_7_9.jpg,1
34138,Актау,HKR_dataset/img/10_7_126.jpg,1
34224,Актау,HKR_dataset/img/11_40_11.jpg,1
34244,Актау,HKR_dataset/img/13_22_160.jpg,1
34360,Актау,HKR_dataset/img/11_40_28.jpg,1
34585,Актау,HKR_dataset/img/10_7_295.jpg,1
34671,Актау,HKR_dataset/img/13_22_189.jpg,1
34792,Актау,HKR_dataset/img/10_7_61.jpg,1
34804,Актау,HKR_dataset/img/10_7_308.jpg,1
34988,Актау,HKR_dataset/img/10_7_188.jpg,1
34992,Актау,HKR_dataset/img/10_7_54_.jpg,1
35003,Актау,HKR_dataset/img/13_22_204.jpg,1
35220,Актау,HKR_dataset/img/10_7_19.jpg,1
35239,Актау,HKR_dataset/img/13_22_161.jpg,1
35436,Актау,HKR_dataset/img/10_7_433.jpg,1
36103,Актау,HKR_dataset/img/10_7_128.jpg,1
36161,Актау,HKR_dataset/img/10_7_459.jpg,1
36253,Актау,HKR_dataset/img/10_7_157.jpg,1
36569,Актау,HKR_dataset/img/10_7_436.jpg,1
36603,Актау,HKR_dataset/img/10_7_208.jpg,1
36790,Актау,HKR_dataset/img/10_7_135.jpg,1
36810,Актау,HKR_dataset/img/10_7_199.jpg,1
36867,Актау,HKR_dataset/img/10_7_365.jpg,1
36939,Актау,HKR_dataset/img/11_40_31.jpg,1
36979,Актау,HKR_dataset/img/10_7_366.jpg,1
36983,Актау,HKR_dataset/img/10_7_90.jpg,1
37002,Актау,HKR_dataset/img/13_22_202.jpg,1
37118,Актау,HKR_dataset/img/11_40_42.jpg,1
37179,Актау,HKR_dataset/img/10_7_45.jpg,1
37181,Актау,HKR_dataset/img/10_7_222.jpg,1
37217,Актау,HKR_dataset/img/10_7_122.jpg,1
37274,Актау,HKR_dataset/img/10_7_118.jpg,1
37483,Актау,HKR_dataset/img/13_22_180.jpg,1
37538,Актау,HKR_dataset/img/13_22_196.jpg,1
37701,Актау,HKR_dataset/img/10_7_374.jpg,1
37719,Актау,HKR_dataset/img/10_7_371.jpg,1
37794,Актау,HKR_dataset/img/10_7_406.jpg,1
37799,Актау,HKR_dataset/img/10_7_213.jpg,1
38026,Актау,HKR_dataset/img/10_7_338.jpg,1
38157,Актау,HKR_dataset/img/10_7_444.jpg,1
38276,Актау,HKR_dataset/img/10_7_73.jpg,1
38499,Актау,HKR_dataset/img/13_22_165.jpg,1
38642,Актау,HKR_dataset/img/11_40_46.jpg,1
38678,Актау,HKR_dataset/img/10_7_227.jpg,1
38798,Актау,HKR_dataset/img/11_40_12.jpg,1
38829,Актау,HKR_dataset/img/10_7_356.jpg,1
38923,Актау,HKR_dataset/img/10_7_84.jpg,1
39037,Актау,HKR_dataset/img/10_7_85.jpg,1
39463,Актау,HKR_dataset/img/11_40_66.jpg,1
39473,Актау,HKR_dataset/img/10_7_314.jpg,1
39767,Актау,HKR_dataset/img/10_7_352.jpg,1
39809,Актау,HKR_dataset/img/10_7_245.jpg,1
39824,Актау,HKR_dataset/img/11_40_15.jpg,1
40214,Актау,HKR_dataset/img/10_7_223.jpg,1
40301,Актау,HKR_dataset/img/13_22_178.jpg,1
40467,Актау,HKR_dataset/img/13_22_142_.jpg,1
40528,Актау,HKR_dataset/img/10_7_210.jpg,1
40586,Актау,HKR_dataset/img/10_7_11.jpg,1
40743,Актау,HKR_dataset/img/10_7_194.jpg,1
40854,Актау,HKR_dataset/img/10_7_377.jpg,1
40941,Актау,HKR_dataset/img/10_7_205.jpg,1
41097,Актау,HKR_dataset/img/10_7_185.jpg,1
41614,Актау,HKR_dataset/img/11_40_25.jpg,1
41859,Актау,HKR_dataset/img/10_7_145.jpg,1
42229,Актау,HKR_dataset/img/13_22_199.jpg,1
42409,Актау,HKR_dataset/img/10_7_350.jpg,1
42489,Актау,HKR_dataset/img/10_7_143.jpg,1
42518,Актау,HKR_dataset/img/10_7_297.jpg,1
42859,Актау,HKR_dataset/img/11_40_18.jpg,1
42865,Актау,HKR_dataset/img/10_7_6.jpg,1
42946,Актау,HKR_dataset/img/11_40_17.jpg,1
42962,Актау,HKR_dataset/img/10_7_251.jpg,1
42968,Актау,HKR_dataset/img/10_7_285.jpg,1
43226,Актау,HKR_dataset/img/10_7_230.jpg,1
43288,Актау,HKR_dataset/img/10_7_23.jpg,1
43479,Актау,HKR_dataset/img/10_7_372.jpg,1
43546,Актау,HKR_dataset/img/10_7_159.jpg,1
44107,Актау,HKR_dataset/img/10_7_337.jpg,1
44167,Актау,HKR_dataset/img/10_7_369.jpg,1
44217,Актау,HKR_dataset/img/10_7_111.jpg,1
44486,Актау,HKR_dataset/img/10_7_237.jpg,1
44551,Актау,HKR_dataset/img/11_40_59.jpg,1
44624,Актау,HKR_dataset/img/10_7_287.jpg,1
44665,Актау,HKR_dataset/img/10_7_254.jpg,1
44704,Актау,HKR_dataset/img/10_7_432.jpg,1
44780,Актау,HKR_dataset/img/11_40_32.jpg,1
44804,Актау,HKR_dataset/img/10_7_250.jpg,1
45051,Актау,HKR_dataset/img/10_7_20.jpg,1
45079,Актау,HKR_dataset/img/10_7_16.jpg,1
45100,Актау,HKR_dataset/img/10_7_293.jpg,1
45135,Актау,HKR_dataset/img/10_7_13.jpg,1
45567,Актау,HKR_dataset/img/10_7_162.jpg,1
45639,Актау,HKR_dataset/img/10_7_319.jpg,1
45762,Актау,HKR_dataset/img/10_7_67.jpg,1
45903,Актау,HKR_dataset/img/10_7_395.jpg,1
45944,Актау,HKR_dataset/img/10_7_354.jpg,1
45993,Актау,HKR_dataset/img/10_7_119.jpg,1
46169,Актау,HKR_dataset/img/10_7_430.jpg,1
46425,Актау,HKR_dataset/img/10_7_390.jpg,1
46475,Актау,HKR_dataset/img/10_7_36.jpg,1
46711,Актау,HKR_dataset/img/10_7_219.jpg,1
46821,Актау,HKR_dataset/img/10_7_209.jpg,1
46856,Актау,HKR_dataset/img/13_22_151.jpg,1
47162,Актау,HKR_dataset/img/10_7_241_.jpg,1
47422,Актау,HKR_dataset/img/11_40_26.jpg,1
47576,Актау,HKR_dataset/img/11_40_6.jpg,1
47622,Актау,HKR_dataset/img/10_7_373.jpg,1
47631,Актау,HKR_dataset/img/10_7_299.jpg,1
47788,Актау,HKR_dataset/img/10_7_290.jpg,1
47908,Актау,HKR_dataset/img/13_22_186.jpg,1
47915,Актау,HKR_dataset/img/10_7_236.jpg,1
47988,Актау,HKR_dataset/img/10_7_465.jpg,1
48120,Актау,HKR_dataset/img/10_7_78.jpg,1
48216,Актау,HKR_dataset/img/10_7_424.jpg,1
48798,Актау,HKR_dataset/img/10_7_94.jpg,1
48905,Актау,HKR_dataset/img/10_7_183_.jpg,1
48971,Актау,HKR_dataset/img/10_7_411.jpg,1
49435,Актау,HKR_dataset/img/10_7_99.jpg,1
49440,Актау,HKR_dataset/img/10_7_38.jpg,1
49503,Актау,HKR_dataset/img/10_7_173.jpg,1
49570,Актау,HKR_dataset/img/10_7_182_.jpg,1
49669,Актау,HKR_dataset/img/10_7_92.jpg,1
49695,Актау,HKR_dataset/img/13_22_166.jpg,1
50170,Актау,HKR_dataset/img/10_7_160.jpg,1
50330,Актау,HKR_dataset/img/10_7_44.jpg,1
50783,Актау,HKR_dataset/img/10_7_336.jpg,1
50830,Актау,HKR_dataset/img/10_7_193.jpg,1
50915,Актау,HKR_dataset/img/10_7_158.jpg,1
51277,Актау,HKR_dataset/img/10_7_46.jpg,1
51299,Актау,HKR_dataset/img/10_7_399.jpg,1
51343,Актау,HKR_dataset/img/13_22_143.jpg,1
51421,Актау,HKR_dataset/img/10_7_93.jpg,1
51492,Актау,HKR_dataset/img/11_40_10.jpg,1
51510,Актау,HKR_dataset/img/11_40_33.jpg,1
51562,Актау,HKR_dataset/img/10_7_440.jpg,1
51861,Актау,HKR_dataset/img/11_40_36.jpg,1
52191,Актау,HKR_dataset/img/10_7_307.jpg,1
52233,Актау,HKR_dataset/img/11_40_21.jpg,1
52619,Актау,HKR_dataset/img/10_7_415.jpg,1
52919,Актау,HKR_dataset/img/10_7_40.jpg,1
52977,Актау,HKR_dataset/img/10_7_359.jpg,1
53096,Актау,HKR_dataset/img/10_7_7.jpg,1
53239,Актау,HKR_dataset/img/10_7_103.jpg,1
53297,Актау,HKR_dataset/img/10_7_420.jpg,1
53703,Актау,HKR_dataset/img/10_7_360.jpg,1
53745,Актау,HKR_dataset/img/10_7_181.jpg,1
53754,Актау,HKR_dataset/img/10_7_229.jpg,1
53773,Актау,HKR_dataset/img/10_7_380.jpg,1
53801,Актау,HKR_dataset/img/10_7_100.jpg,1
53850,Актау,HKR_dataset/img/11_40_27.jpg,1
53998,Актау,HKR_dataset/img/10_7_124.jpg,1
54006,Актау,HKR_dataset/img/10_7_381.jpg,1
54028,Актау,HKR_dataset/img/10_7_256.jpg,1
54183,Актау,HKR_dataset/img/10_7_175.jpg,1
54363,Актау,HKR_dataset/img/11_40_47.jpg,1
54419,Актау,HKR_dataset/img/10_7_339.jpg,1
54422,Актау,HKR_dataset/img/13_22_187.jpg,1
54462,Актау,HKR_dataset/img/10_7_344.jpg,1
54784,Актау,HKR_dataset/img/11_40_53.jpg,1
54885,Актау,HKR_dataset/img/10_7_96_.jpg,1
55019,Актау,HKR_dataset/img/10_7_207.jpg,1
55180,Актау,HKR_dataset/img/10_7_328.jpg,1
55294,Актау,HKR_dataset/img/11_40_38.jpg,1
55519,Актау,HKR_dataset/img/10_7_80.jpg,1
55574,Актау,HKR_dataset/img/10_7_330.jpg,1
55593,Актау,HKR_dataset/img/10_7_26.jpg,1
55703,Актау,HKR_dataset/img/10_7_180.jpg,1
55850,Актау,HKR_dataset/img/10_7_189_.jpg,1
55853,Актау,HKR_dataset/img/10_7_66.jpg,1
55876,Актау,HKR_dataset/img/10_7_198.jpg,1
56013,Актау,HKR_dataset/img/10_7_412.jpg,1
56062,Актау,HKR_dataset/img/11_40_24.jpg,1
56082,Актау,HKR_dataset/img/11_40_43.jpg,1
56325,Актау,HKR_dataset/img/10_7_96.jpg,1
56457,Актау,HKR_dataset/img/10_7_161.jpg,1
56553,Актау,HKR_dataset/img/13_22_154.jpg,1
56679,Актау,HKR_dataset/img/10_7_434.jpg,1
57082,Актау,HKR_dataset/img/11_40_22.jpg,1
57087,Актау,HKR_dataset/img/10_7_110.jpg,1
57148,Актау,HKR_dataset/img/10_7_186.jpg,1
57674,Актау,HKR_dataset/img/13_22_152.jpg,1
57828,Актау,HKR_dataset/img/10_7_147.jpg,1
57930,Актау,HKR_dataset/img/13_22_149.jpg,1
58236,Актау,HKR_dataset/img/11_40_1.jpg,1
58506,Актау,HKR_dataset/img/10_7_136.jpg,1
58594,Актау,HKR_dataset/img/10_7_215.jpg,1
58638,Актау,HKR_dataset/img/10_7_109.jpg,1
58746,Актау,HKR_dataset/img/13_22_145.jpg,1
58755,Актау,HKR_dataset/img/13_22_195_.jpg,1
59068,Актау,HKR_dataset/img/10_7_296.jpg,1
59191,Актау,HKR_dataset/img/10_7_259.jpg,1
59193,Актау,HKR_dataset/img/10_7_42.jpg,1
59586,Актау,HKR_dataset/img/10_7_55_.jpg,1
59842,Актау,HKR_dataset/img/10_7_75.jpg,1
60190,Актау,HKR_dataset/img/10_7_102.jpg,1
60207,Актау,HKR_dataset/img/10_7_416.jpg,1
60556,Актау,HKR_dataset/img/10_7_364.jpg,1
60822,Актау,HKR_dataset/img/10_7_362.jpg,1
60875,Актау,HKR_dataset/img/10_7_28.jpg,1
60911,Актау,HKR_dataset/img/10_7_87.jpg,1
61048,Актау,HKR_dataset/img/10_7_184.jpg,1
61230,Актау,HKR_dataset/img/11_40_9.jpg,1
61248,Актау,HKR_dataset/img/10_7_195.jpg,1
61354,Актау,HKR_dataset/img/10_7_441.jpg,1
61554,Актау,HKR_dataset/img/11_40_51.jpg,1
61836,Актау,HKR_dataset/img/11_40_35.jpg,1
61970,Актау,HKR_dataset/img/10_7_258.jpg,1
62015,Актау,HKR_dataset/img/10_7_216.jpg,1
62062,Актау,HKR_dataset/img/11_40_34.jpg,1
62113,Актау,HKR_dataset/img/10_7_385.jpg,1
62374,Актау,HKR_dataset/img/10_7_196.jpg,1
62575,Актау,HKR_dataset/img/13_22_175.jpg,1
62832,Актау,HKR_dataset/img/10_7_50.jpg,1
62918,Актау,HKR_dataset/img/10_7_79.jpg,1
63331,Актау,HKR_dataset/img/10_7_59.jpg,1
63550,Актау,HKR_dataset/img/10_7_217.jpg,1
63587,Актау,HKR_dataset/img/10_7_394.jpg,1
63656,Актау,HKR_dataset/img/10_7_170.jpg,1
63661,Актау,HKR_dataset/img/10_7_58_.jpg,1
63706,Актау,HKR_dataset/img/10_7_423.jpg,1
63732,Актау,HKR_dataset/img/10_7_71.jpg,1
63927,Актау,HKR_dataset/img/10_7_146.jpg,1
64109,Актау,HKR_dataset/img/10_7_190.jpg,1
64310,Актау,HKR_dataset/img/10_7_437.jpg,1
64314,Актау,HKR_dataset/img/10_7_62.jpg,1
64529,Актау,HKR_dataset/img/10_7_288.jpg,1
64647,Актау,HKR_dataset/img/10_7_29.jpg,1
64777,Актау,HKR_dataset/img/10_7_150.jpg,1
64780,Актау,HKR_dataset/img/11_40_8.jpg,1
99,Карагандинская,HKR_dataset/img/10_31_436.jpg,0
458,Карагандинская,HKR_dataset/img/10_31_154.jpg,0
505,Карагандинская,HKR_dataset/img/10_31_23.jpg,0
688,Карагандинская,HKR_dataset/img/10_31_318.jpg,0
761,Карагандинская,HKR_dataset/img/11_30_34.jpg,0
946,Карагандинская,HKR_dataset/img/10_31_274.jpg,0
1019,Карагандинская,HKR_dataset/img/10_31_11.jpg,0
1115,Карагандинская,HKR_dataset/img/10_31_342.jpg,0
1191,Карагандинская,HKR_dataset/img/10_31_188.jpg,0
1458,Карагандинская,HKR_dataset/img/10_31_364.jpg,0
1477,Карагандинская,HKR_dataset/img/10_31_5.jpg,0
1724,Карагандинская,HKR_dataset/img/10_31_212.jpg,0
1927,Карагандинская,HKR_dataset/img/10_31_48.jpg,0
1958,Карагандинская,HKR_dataset/img/10_31_462.jpg,0
2265,Карагандинская,HKR_dataset/img/10_31_412.jpg,0
2898,Карагандинская,HKR_dataset/img/10_31_153.jpg,0
2930,Карагандинская,HKR_dataset/img/10_31_121.jpg,0
3240,Карагандинская,HKR_dataset/img/10_31_165.jpg,0
3474,Карагандинская,HKR_dataset/img/10_31_176.jpg,0
3619,Карагандинская,HKR_dataset/img/10_31_249.jpg,0
3763,Карагандинская,HKR_dataset/img/10_31_234.jpg,0
3769,Карагандинская,HKR_dataset/img/10_31_390.jpg,0
3803,Карагандинская,HKR_dataset/img/10_31_104.jpg,0
3919,Карагандинская,HKR_dataset/img/10_31_372.jpg,0
3954,Карагандинская,HKR_dataset/img/10_31_38.jpg,0
3962,Карагандинская,HKR_dataset/img/10_31_66.jpg,0
3980,Карагандинская,HKR_dataset/img/10_31_327.jpg,0
4160,Карагандинская,HKR_dataset/img/10_31_183.jpg,0
4177,Карагандинская,HKR_dataset/img/10_31_297.jpg,0
4182,Карагандинская,HKR_dataset/img/11_30_10.jpg,0
4204,Карагандинская,HKR_dataset/img/10_31_190.jpg,0
4222,Карагандинская,HKR_dataset/img/10_31_414.jpg,0
4319,Карагандинская,HKR_dataset/img/10_31_265.jpg,0
4477,Карагандинская,HKR_dataset/img/10_31_453.jpg,0
4648,Карагандинская,HKR_dataset/img/10_31_359.jpg,0
5127,Карагандинская,HKR_dataset/img/10_31_61.jpg,0
5408,Карагандинская,HKR_dataset/img/11_30_47.jpg,0
6017,Карагандинская,HKR_dataset/img/10_31_325.jpg,0
6035,Карагандинская,HKR_dataset/img/10_31_429.jpg,0
6271,Карагандинская,HKR_dataset/img/10_31_27.jpg,0
6302,Карагандинская,HKR_dataset/img/10_31_127.jpg,0
6324,Карагандинская,HKR_dataset/img/11_30_44.jpg,0
6493,Карагандинская,HKR_dataset/img/10_31_49.jpg,0
6803,Карагандинская,HKR_dataset/img/10_31_286.jpg,0
7019,Карагандинская,HKR_dataset/img/10_31_42.jpg,0
7071,Карагандинская,HKR_dataset/img/10_31_137.jpg,0
7390,Карагандинская,HKR_dataset/img/10_31_239.jpg,0
7663,Карагандинская,HKR_dataset/img/10_31_116.jpg,0
7755,Карагандинская,HKR_dataset/img/10_31_210.jpg,0
8345,Карагандинская,HKR_dataset/img/10_31_12.jpg,0
8517,Карагандинская,HKR_dataset/img/10_31_220.jpg,0
8518,Карагандинская,HKR_dataset/img/10_31_20.jpg,0
8536,Карагандинская,HKR_dataset/img/10_31_33.jpg,0
8724,Карагандинская,HKR_dataset/img/10_31_32.jpg,0
8945,Карагандинская,HKR_dataset/img/10_31_9.jpg,0
9000,Карагандинская,HKR_dataset/img/10_31_73.jpg,0
9044,Карагандинская,HKR_dataset/img/10_31_319.jpg,0
9175,Карагандинская,HKR_dataset/img/10_31_291.jpg,0
9418,Карагандинская,HKR_dataset/img/11_30_17.jpg,0
9567,Карагандинская,HKR_dataset/img/10_31_186.jpg,0
9700,Карагандинская,HKR_dataset/img/11_30_24.jpg,0
9798,Карагандинская,HKR_dataset/img/10_31_248.jpg,0
9818,Карагандинская,HKR_dataset/img/10_31_43.jpg,0
9880,Карагандинская,HKR_dataset/img/10_31_385.jpg,0
10126,Карагандинская,HKR_dataset/img/10_31_81.jpg,0
10270,Карагандинская,HKR_dataset/img/10_31_215.jpg,0
10496,Карагандинская,HKR_dataset/img/10_31_206.jpg,0
10633,Карагандинская,HKR_dataset/img/10_31_91.jpg,0
10654,Карагандинская,HKR_dataset/img/10_31_289.jpg,0
10746,Карагандинская,HKR_dataset/img/10_31_334.jpg,0
10747,Карагандинская,HKR_dataset/img/10_31_280.jpg,0
11007,Карагандинская,HKR_dataset/img/10_31_397.jpg,0
11371,Карагандинская,HKR_dataset/img/11_30_0.jpg,0
11405,Карагандинская,HKR_dataset/img/10_31_408.jpg,0
11508,Карагандинская,HKR_dataset/img/10_31_415.jpg,0
11546,Карагандинская,HKR_dataset/img/11_30_62.jpg,0
11607,Карагандинская,HKR_dataset/img/10_31_378.jpg,0
11661,Карагандинская,HKR_dataset/img/10_31_221.jpg,0
11886,Карагандинская,HKR_dataset/img/10_31_381.jpg,0
12033,Карагандинская,HKR_dataset/img/10_31_344.jpg,0
12087,Карагандинская,HKR_dataset/img/10_31_25.jpg,0
12165,Карагандинская,HKR_dataset/img/11_30_5.jpg,0
12403,Карагандинская,HKR_dataset/img/10_31_329.jpg,0
12580,Карагандинская,HKR_dataset/img/10_31_80.jpg,0
12806,Карагандинская,HKR_dataset/img/11_30_40.jpg,0
12979,Карагандинская,HKR_dataset/img/10_31_115.jpg,0
13030,Карагандинская,HKR_dataset/img/10_31_179.jpg,0
13106,Карагандинская,HKR_dataset/img/11_30_19.jpg,0
13347,Карагандинская,HKR_dataset/img/10_31_450.jpg,0
13355,Карагандинская,HKR_dataset/img/11_30_65.jpg,0
13823,Карагандинская,HKR_dataset/img/10_31_172.jpg,0
13903,Карагандинская,HKR_dataset/img/11_30_33.jpg,0
14073,Карагандинская,HKR_dataset/img/10_31_456.jpg,0
14074,Карагандинская,HKR_dataset/img/10_31_134.jpg,0
14289,Карагандинская,HKR_dataset/img/10_31_351.jpg,0
14358,Карагандинская,HKR_dataset/img/10_31_17.jpg,0
14629,Карагандинская,HKR_dataset/img/10_31_365.jpg,0
14644,Карагандинская,HKR_dataset/img/10_31_224.jpg,0
14710,Карагандинская,HKR_dataset/img/10_31_300.jpg,0
14723,Карагандинская,HKR_dataset/img/10_31_138.jpg,0
14952,Карагандинская,HKR_dataset/img/10_31_71.jpg,0
15031,Карагандинская,HKR_dataset/img/10_31_175.jpg,0
15098,Карагандинская,HKR_dataset/img/11_30_8.jpg,0
15099,Карагандинская,HKR_dataset/img/10_31_258.jpg,0
15121,Карагандинская,HKR_dataset/img/10_31_163.jpg,0
15237,Карагандинская,HKR_dataset/img/10_31_347.jpg,0
15742,Карагандинская,HKR_dataset/img/10_31_442.jpg,0
16160,Карагандинская,HKR_dataset/img/10_31_357.jpg,0
16288,Карагандинская,HKR_dataset/img/11_30_23.jpg,0
16348,Карагандинская,HKR_dataset/img/10_31_213.jpg,0
16962,Карагандинская,HKR_dataset/img/10_31_308.jpg,0
17000,Карагандинская,HKR_dataset/img/10_31_107.jpg,0
17021,Карагандинская,HKR_dataset/img/10_31_296.jpg,0
17329,Карагандинская,HKR_dataset/img/10_31_174.jpg,0
17465,Карагандинская,HKR_dataset/img/10_31_320.jpg,0
17588,Карагандинская,HKR_dataset/img/10_31_135.jpg,0
17895,Карагандинская,HKR_dataset/img/10_31_77.jpg,0
18113,Карагандинская,HKR_dataset/img/10_31_386.jpg,0
18129,Карагандинская,HKR_dataset/img/10_31_211.jpg,0
18252,Карагандинская,HKR_dataset/img/10_31_3.jpg,0
18484,Карагандинская,HKR_dataset/img/10_31_70.jpg,0
18669,Карагандинская,HKR_dataset/img/10_31_129.jpg,0
19183,Карагандинская,HKR_dataset/img/10_31_133.jpg,0
19306,Карагандинская,HKR_dataset/img/10_31_306.jpg,0
19405,Карагандинская,HKR_dataset/img/10_31_459.jpg,0
19617,Карагандинская,HKR_dataset/img/10_31_362.jpg,0
19762,Карагандинская,HKR_dataset/img/10_31_438.jpg,0
19913,Карагандинская,HKR_dataset/img/10_31_225.jpg,0
20062,Карагандинская,HKR_dataset/img/10_31_278.jpg,0
20269,Карагандинская,HKR_dataset/img/10_31_273.jpg,0
20525,Карагандинская,HKR_dataset/img/10_31_203.jpg,0
20687,Карагандинская,HKR_dataset/img/11_30_16.jpg,0
20855,Карагандинская,HKR_dataset/img/11_30_28.jpg,0
20904,Карагандинская,HKR_dataset/img/10_31_370.jpg,0
21104,Карагандинская,HKR_dataset/img/10_31_150.jpg,0
21134,Карагандинская,HKR_dataset/img/10_31_405.jpg,0
21414,Карагандинская,HKR_dataset/img/10_31_382.jpg,0
21511,Карагандинская,HKR_dataset/img/10_31_89.jpg,0
21740,Карагандинская,HKR_dataset/img/10_31_465.jpg,0
21870,Карагандинская,HKR_dataset/img/10_31_233.jpg,0
21944,Карагандинская,HKR_dataset/img/10_31_94.jpg,0
21989,Карагандинская,HKR_dataset/img/11_30_60.jpg,0
22178,Карагандинская,HKR_dataset/img/10_31_437.jpg,0
22321,Карагандинская,HKR_dataset/img/10_31_191.jpg,0
22350,Карагандинская,HKR_dataset/img/10_31_374.jpg,0
22404,Карагандинская,HKR_dataset/img/10_31_194.jpg,0
22418,Карагандинская,HKR_dataset/img/10_31_395.jpg,0
22421,Карагандинская,HKR_dataset/img/10_31_252.jpg,0
22440,Карагандинская,HKR_dataset/img/10_31_216_.jpg,0
22481,Карагандинская,HKR_dataset/img/10_31_333.jpg,0
22536,Карагандинская,HKR_dataset/img/10_31_46.jpg,0
22541,Карагандинская,HKR_dataset/img/10_31_250.jpg,0
22870,Карагандинская,HKR_dataset/img/11_30_36.jpg,0
23000,Карагандинская,HKR_dataset/img/11_30_68.jpg,0
23325,Карагандинская,HKR_dataset/img/10_31_401.jpg,0
23399,Карагандинская,HKR_dataset/img/10_31_237.jpg,0
23444,Карагандинская,HKR_dataset/img/10_31_60.jpg,0
23554,Карагандинская,HKR_dataset/img/10_31_435_.jpg,0
23560,Карагандинская,HKR_dataset/img/10_31_204.jpg,0
23568,Карагандинская,HKR_dataset/img/10_31_189_.jpg,0
23613,Карагандинская,HKR_dataset/img/10_31_468.jpg,0
23793,Карагандинская,HKR_dataset/img/10_31_144.jpg,0
23877,Карагандинская,HKR_dataset/img/10_31_164.jpg,0
24069,Карагандинская,HKR_dataset/img/10_31_255.jpg,0
24134,Карагандинская,HKR_dataset/img/10_31_298.jpg,0
24251,Карагандинская,HKR_dataset/img/10_31_63.jpg,0
24312,Карагандинская,HKR_dataset/img/10_31_128.jpg,0
24397,Карагандинская,HKR_dataset/img/10_31_140.jpg,0
24487,Карагандинская,HKR_dataset/img/10_31_28.jpg,0
24590,Карагандинская,HKR_dataset/img/10_31_428.jpg,0
24705,Карагандинская,HKR_dataset/img/10_31_371.jpg,0
25244,Карагандинская,HKR_dataset/img/10_31_4.jpg,0
25406,Карагандинская,HKR_dataset/img/10_31_271.jpg,0
25588,Карагандинская,HKR_dataset/img/10_31_166.jpg,0
25991,Карагандинская,HKR_dataset/img/10_31_222.jpg,0
26121,Карагандинская,HKR_dataset/img/10_31_156.jpg,0
26137,Карагандинская,HKR_dataset/img/10_31_367.jpg,0
26161,Карагандинская,HKR_dataset/img/10_31_184.jpg,0
26192,Карагандинская,HKR_dataset/img/10_31_398.jpg,0
26468,Карагандинская,HKR_dataset/img/10_31_98.jpg,0
26784,Карагандинская,HKR_dataset/img/10_31_123.jpg,0
26858,Карагандинская,HKR_dataset/img/10_31_16.jpg,0
26991,Карагандинская,HKR_dataset/img/10_31_236.jpg,0
27068,Карагандинская,HKR_dataset/img/10_31_441_.jpg,0
27310,Карагандинская,HKR_dataset/img/11_30_52.jpg,0
27515,Карагандинская,HKR_dataset/img/10_31_155.jpg,0
27866,Карагандинская,HKR_dataset/img/10_31_299.jpg,0
27917,Карагандинская,HKR_dataset/img/10_31_62.jpg,0
27935,Карагандинская,HKR_dataset/img/10_31_345.jpg,0
28032,Карагандинская,HKR_dataset/img/10_31_218.jpg,0
28199,Карагандинская,HKR_dataset/img/10_31_93.jpg,0
28561,Карагандинская,HKR_dataset/img/10_31_417.jpg,0
28588,Карагандинская,HKR_dataset/img/10_31_426.jpg,0
28776,Карагандинская,HKR_dataset/img/10_31_346.jpg,0
28911,Карагандинская,HKR_dataset/img/10_31_7.jpg,0
29007,Карагандинская,HKR_dataset/img/10_31_100.jpg,0
29432,Карагандинская,HKR_dataset/img/10_31_2.jpg,0
29454,Карагандинская,HKR_dataset/img/10_31_177.jpg,0
29657,Карагандинская,HKR_dataset/img/10_31_106.jpg,0
30139,Карагандинская,HKR_dataset/img/10_31_241.jpg,0
30196,Карагандинская,HKR_dataset/img/10_31_354.jpg,0
30285,Карагандинская,HKR_dataset/img/10_31_392.jpg,0
30333,Карагандинская,HKR_dataset/img/10_31_35.jpg,0
30493,Карагандинская,HKR_dataset/img/10_31_223.jpg,0
30583,Карагандинская,HKR_dataset/img/10_31_366.jpg,0
30653,Карагандинская,HKR_dataset/img/10_31_447.jpg,0
30654,Карагандинская,HKR_dataset/img/10_31_59.jpg,0
31137,Карагандинская,HKR_dataset/img/10_31_460.jpg,0
31175,Карагандинская,HKR_dataset/img/10_31_427.jpg,0
31277,Карагандинская,HKR_dataset/img/10_31_473.jpg,0
31479,Карагандинская,HKR_dataset/img/10_31_96.jpg,0
31492,Карагандинская,HKR_dataset/img/10_31_380.jpg,0
31541,Карагандинская,HKR_dataset/img/10_31_173.jpg,0
31737,Карагандинская,HKR_dataset/img/10_31_430.jpg,0
31915,Карагандинская,HKR_dataset/img/11_30_67.jpg,0
31943,Карагандинская,HKR_dataset/img/10_31_45.jpg,0
32159,Карагандинская,HKR_dataset/img/11_30_30.jpg,0
32217,Карагандинская,HKR_dataset/img/10_31_151.jpg,0
32251,Карагандинская,HKR_dataset/img/10_31_117.jpg,0
32294,Карагандинская,HKR_dataset/img/10_31_124.jpg,0
32535,Карагандинская,HKR_dataset/img/10_31_19.jpg,0
32589,Карагандинская,HKR_dataset/img/10_31_145.jpg,0
32852,Карагандинская,HKR_dataset/img/10_31_24.jpg,0
32895,Карагандинская,HKR_dataset/img/10_31_388.jpg,0
33079,Карагандинская,HKR_dataset/img/10_31_78.jpg,0
33157,Карагандинская,HKR_dataset/img/10_31_340.jpg,0
33336,Карагандинская,HKR_dataset/img/10_31_167.jpg,0
33360,Карагандинская,HKR_dataset/img/10_31_238.jpg,0
33368,Карагандинская,HKR_dataset/img/10_31_219.jpg,0
33372,Карагандинская,HKR_dataset/img/10_31_399.jpg,0
33647,Карагандинская,HKR_dataset/img/10_31_403.jpg,0
33704,Карагандинская,HKR_dataset/img/10_31_92.jpg,0
33787,Карагандинская,HKR_dataset/img/10_31_254.jpg,0
33829,Карагандинская,HKR_dataset/img/10_31_240.jpg,0
33840,Карагандинская,HKR_dataset/img/10_31_193.jpg,0
33876,Карагандинская,HKR_dataset/img/10_31_207.jpg,0
33986,Карагандинская,HKR_dataset/img/10_31_323.jpg,0
34045,Карагандинская,HKR_dataset/img/10_31_338.jpg,0
34095,Карагандинская,HKR_dataset/img/10_31_353.jpg,0
34097,Карагандинская,HKR_dataset/img/10_31_34.jpg,0
34161,Карагандинская,HKR_dataset/img/10_31_105.jpg,0
34296,Карагандинская,HKR_dataset/img/10_31_309.jpg,0
34347,Карагандинская,HKR_dataset/img/10_31_251.jpg,0
34595,Карагандинская,HKR_dataset/img/10_31_358.jpg,0
34598,Карагандинская,HKR_dataset/img/10_31_424.jpg,0
34697,Карагандинская,HKR_dataset/img/10_31_257.jpg,0
34938,Карагандинская,HKR_dataset/img/10_31_256.jpg,0
35066,Карагандинская,HKR_dataset/img/10_31_230.jpg,0
35122,Карагандинская,HKR_dataset/img/10_31_294.jpg,0
35168,Карагандинская,HKR_dataset/img/11_30_21.jpg,0
35489,Карагандинская,HKR_dataset/img/10_31_434.jpg,0
35631,Карагандинская,HKR_dataset/img/10_31_287.jpg,0
35649,Карагандинская,HKR_dataset/img/10_31_293.jpg,0
35669,Карагандинская,HKR_dataset/img/11_30_3.jpg,0
35709,Карагандинская,HKR_dataset/img/10_31_205.jpg,0
35774,Карагандинская,HKR_dataset/img/10_31_235.jpg,0
36213,Карагандинская,HKR_dataset/img/11_30_22.jpg,0
36217,Карагандинская,HKR_dataset/img/10_31_457.jpg,0
36276,Карагандинская,HKR_dataset/img/10_31_74.jpg,0
36803,Карагандинская,HKR_dataset/img/11_30_61.jpg,0
36937,Карагандинская,HKR_dataset/img/10_31_113.jpg,0
36959,Карагандинская,HKR_dataset/img/10_31_396.jpg,0
37057,Карагандинская,HKR_dataset/img/10_31_377.jpg,0
37343,Карагандинская,HKR_dataset/img/10_31_243.jpg,0
37541,Карагандинская,HKR_dataset/img/10_31_130.jpg,0
38235,Карагандинская,HKR_dataset/img/10_31_242.jpg,0
38433,Карагандинская,HKR_dataset/img/10_31_72.jpg,0
38455,Карагандинская,HKR_dataset/img/10_31_407.jpg,0
38689,Карагандинская,HKR_dataset/img/10_31_50.jpg,0
38754,Карагандинская,HKR_dataset/img/10_31_8.jpg,0
38824,Карагандинская,HKR_dataset/img/10_31_272.jpg,0
39088,Карагандинская,HKR_dataset/img/10_31_65.jpg,0
39248,Карагандинская,HKR_dataset/img/10_31_404.jpg,0
39282,Карагандинская,HKR_dataset/img/10_31_402.jpg,0
39354,Карагандинская,HKR_dataset/img/10_31_199.jpg,0
39481,Карагандинская,HKR_dataset/img/10_31_181.jpg,0
39498,Карагандинская,HKR_dataset/img/10_31_82.jpg,0
39598,Карагандинская,HKR_dataset/img/10_31_64.jpg,0
39672,Карагандинская,HKR_dataset/img/10_31_394.jpg,0
40078,Карагандинская,HKR_dataset/img/10_31_217.jpg,0
40101,Карагандинская,HKR_dataset/img/10_31_376.jpg,0
40256,Карагандинская,HKR_dataset/img/11_30_27.jpg,0
40449,Карагандинская,HKR_dataset/img/10_31_330.jpg,0
40461,Карагандинская,HKR_dataset/img/10_31_147.jpg,0
40828,Карагандинская,HKR_dataset/img/10_31_304.jpg,0
41001,Карагандинская,HKR_dataset/img/10_31_448.jpg,0
41019,Карагандинская,HKR_dataset/img/10_31_209.jpg,0
41047,Карагандинская,HKR_dataset/img/10_31_312.jpg,0
42047,Карагандинская,HKR_dataset/img/10_31_120.jpg,0
42107,Карагандинская,HKR_dataset/img/10_31_290.jpg,0
42128,Карагандинская,HKR_dataset/img/10_31_463.jpg,0
42181,Карагандинская,HKR_dataset/img/10_31_214.jpg,0
42257,Карагандинская,HKR_dataset/img/11_30_42.jpg,0
42268,Карагандинская,HKR_dataset/img/10_31_57_.jpg,0
42281,Карагандинская,HKR_dataset/img/11_30_55.jpg,0
42395,Карагандинская,HKR_dataset/img/10_31_36.jpg,0
42420,Карагандинская,HKR_dataset/img/10_31_352.jpg,0
42451,Карагандинская,HKR_dataset/img/10_31_379.jpg,0
42502,Карагандинская,HKR_dataset/img/11_30_26.jpg,0
42835,Карагандинская,HKR_dataset/img/10_31_21.jpg,0
43038,Карагандинская,HKR_dataset/img/10_31_197.jpg,0
43165,Карагандинская,HKR_dataset/img/10_31_182.jpg,0
43367,Карагандинская,HKR_dataset/img/10_31_423.jpg,0
43436,Карагандинская,HKR_dataset/img/11_30_58.jpg,0
43441,Карагандинская,HKR_dataset/img/10_31_30.jpg,0
43447,Карагандинская,HKR_dataset/img/10_31_253.jpg,0
43448,Карагандинская,HKR_dataset/img/10_31_413.jpg,0
43532,Карагандинская,HKR_dataset/img/11_30_14.jpg,0
43551,Карагандинская,HKR_dataset/img/10_31_259.jpg,0
43579,Карагандинская,HKR_dataset/img/10_31_348.jpg,0
43940,Карагандинская,HKR_dataset/img/10_31_410.jpg,0
44090,Карагандинская,HKR_dataset/img/10_31_454.jpg,0
44193,Карагандинская,HKR_dataset/img/10_31_228.jpg,0
44421,Карагандинская,HKR_dataset/img/10_31_422.jpg,0
44477,Карагандинская,HKR_dataset/img/10_31_161.jpg,0
44656,Карагандинская,HKR_dataset/img/10_31_316.jpg,0
44861,Карагандинская,HKR_dataset/img/10_31_15.jpg,0
45109,Карагандинская,HKR_dataset/img/10_31_1.jpg,0
45185,Карагандинская,HKR_dataset/img/11_30_29.jpg,0
45236,Карагандинская,HKR_dataset/img/10_31_343.jpg,0
45299,Карагандинская,HKR_dataset/img/10_31_18.jpg,0
45316,Карагандинская,HKR_dataset/img/10_31_202.jpg,0
45429,Карагандинская,HKR_dataset/img/11_30_43.jpg,0
45602,Карагандинская,HKR_dataset/img/10_31_245.jpg,0
45603,Карагандинская,HKR_dataset/img/10_31_350.jpg,0
45885,Карагандинская,HKR_dataset/img/10_31_187.jpg,0
45940,Карагандинская,HKR_dataset/img/10_31_31.jpg,0
46119,Карагандинская,HKR_dataset/img/10_31_75.jpg,0
46331,Карагандинская,HKR_dataset/img/10_31_471.jpg,0
46435,Карагандинская,HKR_dataset/img/10_31_0.jpg,0
46450,Карагандинская,HKR_dataset/img/10_31_416_.jpg,0
46936,Карагандинская,HKR_dataset/img/10_31_180.jpg,0
46964,Карагандинская,HKR_dataset/img/10_31_108.jpg,0
47356,Карагандинская,HKR_dataset/img/10_31_10.jpg,0
47407,Карагандинская,HKR_dataset/img/10_31_277.jpg,0
47455,Карагандинская,HKR_dataset/img/10_31_282.jpg,0
47533,Карагандинская,HKR_dataset/img/11_30_13.jpg,0
47768,Карагандинская,HKR_dataset/img/10_31_268.jpg,0
47775,Карагандинская,HKR_dataset/img/10_31_331.jpg,0
47804,Карагандинская,HKR_dataset/img/10_31_148.jpg,0
47969,Карагандинская,HKR_dataset/img/10_31_139.jpg,0
48002,Карагандинская,HKR_dataset/img/10_31_373.jpg,0
48070,Карагандинская,HKR_dataset/img/10_31_302.jpg,0
48609,Карагандинская,HKR_dataset/img/10_31_246.jpg,0
48705,Карагандинская,HKR_dataset/img/10_31_467.jpg,0
48802,Карагандинская,HKR_dataset/img/10_31_387.jpg,0
48855,Карагандинская,HKR_dataset/img/10_31_266.jpg,0
48972,Карагандинская,HKR_dataset/img/10_31_169.jpg,0
49004,Карагандинская,HKR_dataset/img/10_31_284.jpg,0
49213,Карагандинская,HKR_dataset/img/10_31_439.jpg,0
49312,Карагандинская,HKR_dataset/img/11_30_51.jpg,0
49351,Карагандинская,HKR_dataset/img/10_31_336.jpg,0
49367,Карагандинская,HKR_dataset/img/11_30_1.jpg,0
49430,Карагандинская,HKR_dataset/img/10_31_369.jpg,0
49660,Карагандинская,HKR_dataset/img/10_31_111.jpg,0
49710,Карагандинская,HKR_dataset/img/11_30_25.jpg,0
49747,Карагандинская,HKR_dataset/img/10_31_339.jpg,0
49755,Карагандинская,HKR_dataset/img/10_31_159_.jpg,0
49935,Карагандинская,HKR_dataset/img/10_31_22.jpg,0
50097,Карагандинская,HKR_dataset/img/10_31_335.jpg,0
50315,Карагандинская,HKR_dataset/img/10_31_109.jpg,0
50458,Карагандинская,HKR_dataset/img/10_31_192.jpg,0
50974,Карагандинская,HKR_dataset/img/10_31_247.jpg,0
51046,Карагандинская,HKR_dataset/img/11_30_45.jpg,0
51458,Карагандинская,HKR_dataset/img/11_30_48.jpg,0
51622,Карагандинская,HKR_dataset/img/10_31_40.jpg,0
51663,Карагандинская,HKR_dataset/img/10_31_375.jpg,0
51689,Карагандинская,HKR_dataset/img/10_31_76.jpg,0
51858,Карагандинская,HKR_dataset/img/10_31_411_.jpg,0
52082,Карагандинская,HKR_dataset/img/10_31_279.jpg,0
52154,Карагандинская,HKR_dataset/img/10_31_90.jpg,0
52640,Карагандинская,HKR_dataset/img/10_31_170.jpg,0
52811,Карагандинская,HKR_dataset/img/11_30_15.jpg,0
52836,Карагандинская,HKR_dataset/img/11_30_46.jpg,0
52996,Карагандинская,HKR_dataset/img/10_31_281.jpg,0
53241,Карагандинская,HKR_dataset/img/10_31_87.jpg,0
53467,Карагандинская,HKR_dataset/img/10_31_332.jpg,0
53798,Карагандинская,HKR_dataset/img/10_31_47.jpg,0
53951,Карагандинская,HKR_dataset/img/10_31_41.jpg,0
54062,Карагандинская,HKR_dataset/img/10_31_472.jpg,0
54185,Карагандинская,HKR_dataset/img/11_30_20.jpg,0
54341,Карагандинская,HKR_dataset/img/10_31_421.jpg,0
54472,Карагандинская,HKR_dataset/img/11_30_64.jpg,0
54655,Карагандинская,HKR_dataset/img/10_31_229.jpg,0
55187,Карагандинская,HKR_dataset/img/10_31_102.jpg,0
55228,Карагандинская,HKR_dataset/img/10_31_162.jpg,0
55234,Карагандинская,HKR_dataset/img/11_30_9.jpg,0
55252,Карагандинская,HKR_dataset/img/10_31_136.jpg,0
55310,Карагандинская,HKR_dataset/img/10_31_52.jpg,0
55344,Карагандинская,HKR_dataset/img/10_31_317.jpg,0
55558,Карагандинская,HKR_dataset/img/10_31_355.jpg,0
55711,Карагандинская,HKR_dataset/img/10_31_360.jpg,0
55781,Карагандинская,HKR_dataset/img/10_31_114.jpg,0
55816,Карагандинская,HKR_dataset/img/10_31_315.jpg,0
56036,Карагандинская,HKR_dataset/img/11_30_66.jpg,0
56084,Карагандинская,HKR_dataset/img/10_31_13.jpg,0
56195,Карагандинская,HKR_dataset/img/10_31_269.jpg,0
56282,Карагандинская,HKR_dataset/img/11_30_38.jpg,0
56511,Карагандинская,HKR_dataset/img/10_31_285.jpg,0
56531,Карагандинская,HKR_dataset/img/10_31_198.jpg,0
56533,Карагандинская,HKR_dataset/img/10_31_67.jpg,0
56545,Карагандинская,HKR_dataset/img/10_31_79.jpg,0
56593,Карагандинская,HKR_dataset/img/10_31_384.jpg,0
56698,Карагандинская,HKR_dataset/img/11_30_57.jpg,0
56906,Карагандинская,HKR_dataset/img/10_31_146.jpg,0
56947,Карагандинская,HKR_dataset/img/10_31_86.jpg,0
56983,Карагандинская,HKR_dataset/img/10_31_158.jpg,0
57133,Карагандинская,HKR_dataset/img/11_30_37.jpg,0
57227,Карагандинская,HKR_dataset/img/10_31_391.jpg,0
57315,Карагандинская,HKR_dataset/img/10_31_383.jpg,0
57334,Карагандинская,HKR_dataset/img/10_31_119.jpg,0
57638,Карагандинская,HKR_dataset/img/10_31_51.jpg,0
57669,Карагандинская,HKR_dataset/img/10_31_288.jpg,0
57724,Карагандинская,HKR_dataset/img/10_31_110.jpg,0
58004,Карагандинская,HKR_dataset/img/10_31_185.jpg,0
58182,Карагандинская,HKR_dataset/img/10_31_227.jpg,0
58186,Карагандинская,HKR_dataset/img/10_31_14.jpg,0
58255,Карагандинская,HKR_dataset/img/10_31_292.jpg,0
58292,Карагандинская,HKR_dataset/img/10_31_419.jpg,0
58344,Карагандинская,HKR_dataset/img/11_30_18.jpg,0
58744,Карагандинская,HKR_dataset/img/10_31_337.jpg,0
58811,Карагандинская,HKR_dataset/img/10_31_6.jpg,0
58960,Карагандинская,HKR_dataset/img/10_31_361.jpg,0
59006,Карагандинская,HKR_dataset/img/10_31_132.jpg,0
59074,Карагандинская,HKR_dataset/img/10_31_314.jpg,0
59100,Карагандинская,HKR_dataset/img/10_31_425.jpg,0
59238,Карагандинская,HKR_dataset/img/10_31_97.jpg,0
59467,Карагандинская,HKR_dataset/img/10_31_201.jpg,0
59606,Карагандинская,HKR_dataset/img/10_31_389.jpg,0
59612,Карагандинская,HKR_dataset/img/10_31_328.jpg,0
59656,Карагандинская,HKR_dataset/img/10_31_208.jpg,0
59677,Карагандинская,HKR_dataset/img/10_31_157.jpg,0
59687,Карагандинская,HKR_dataset/img/10_31_322.jpg,0
59755,Карагандинская,HKR_dataset/img/10_31_432_.jpg,0
59886,Карагандинская,HKR_dataset/img/10_31_195.jpg,0
60030,Карагандинская,HKR_dataset/img/11_30_32.jpg,0
60248,Карагандинская,HKR_dataset/img/10_31_178.jpg,0
60262,Карагандинская,HKR_dataset/img/10_31_449.jpg,0
60357,Карагандинская,HKR_dataset/img/10_31_112.jpg,0
60585,Карагандинская,HKR_dataset/img/10_31_101.jpg,0
60588,Карагандинская,HKR_dataset/img/10_31_231.jpg,0
60808,Карагандинская,HKR_dataset/img/10_31_103.jpg,0
60930,Карагандинская,HKR_dataset/img/10_31_433.jpg,0
61297,Карагандинская,HKR_dataset/img/10_31_409.jpg,0
61423,Карагандинская,HKR_dataset/img/10_31_431.jpg,0
61462,Карагандинская,HKR_dataset/img/11_30_53.jpg,0
61481,Карагандинская,HKR_dataset/img/10_31_469.jpg,0
61530,Карагандинская,HKR_dataset/img/10_31_260.jpg,0
61643,Карагандинская,HKR_dataset/img/10_31_152.jpg,0
61657,Карагандинская,HKR_dataset/img/10_31_37.jpg,0
61802,Карагандинская,HKR_dataset/img/11_30_56.jpg,0
61861,Карагандинская,HKR_dataset/img/10_31_295.jpg,0
62090,Карагандинская,HKR_dataset/img/10_31_303.jpg,0
62267,Карагандинская,HKR_dataset/img/11_30_31.jpg,0
62460,Карагандинская,HKR_dataset/img/10_31_196.jpg,0
62466,Карагандинская,HKR_dataset/img/10_31_69.jpg,0
62599,Карагандинская,HKR_dataset/img/10_31_341.jpg,0
62629,Карагандинская,HKR_dataset/img/10_31_143.jpg,0
62809,Карагандинская,HKR_dataset/img/11_30_2.jpg,0
63126,Карагандинская,HKR_dataset/img/10_31_418.jpg,0
63134,Карагандинская,HKR_dataset/img/10_31_142.jpg,0
63205,Карагандинская,HKR_dataset/img/10_31_44.jpg,0
63255,Карагандинская,HKR_dataset/img/11_30_59.jpg,0
63289,Карагандинская,HKR_dataset/img/10_31_118.jpg,0
63444,Карагандинская,HKR_dataset/img/11_30_6.jpg,0
63511,Карагандинская,HKR_dataset/img/10_31_356.jpg,0
63876,Карагандинская,HKR_dataset/img/10_31_39.jpg,0
63977,Карагандинская,HKR_dataset/img/10_31_270.jpg,0
64236,Карагандинская,HKR_dataset/img/10_31_326.jpg,0
64266,Карагандинская,HKR_dataset/img/10_31_68.jpg,0
64396,Карагандинская,HKR_dataset/img/10_31_99.jpg,0
64448,Карагандинская,HKR_dataset/img/10_31_126.jpg,0
64524,Карагандинская,HKR_dataset/img/10_31_160.jpg,0
64581,Карагандинская,HKR_dataset/img/10_31_200.jpg,0
64803,Карагандинская,HKR_dataset/img/10_31_95.jpg,0
64904,Карагандинская,HKR_dataset/img/10_31_406.jpg,0
